Game,Start Sender Amount,Start Receiver Amount,Amount Sent By Sender,Amount Sent By Receiver,Final Sender Amount,Final Receiver Amount
1.0,100.0,0.0,50.0,50.0,100.0,50.0
1.0,100.0,50.0,40.0,20.0,80.0,110.0
1.0,80.0,110.0,56.0,32.0,56.0,190.0
1.0,56.0,190.0,28.0,13.0,41.0,233.0
1.0,41.0,233.0,10.0,0.0,31.0,253.0
1.0,31.0,253.0,10.0,0.0,21.0,273.0
1.0,21.0,273.0,4.0,0.0,17.0,281.0
1.0,17.0,281.0,5.0,0.0,12.0,291.0
1.0,12.0,291.0,6.0,0.0,6.0,303.0
1.0,6.0,303.0,2.0,1.0,5.0,306.0
2.0,100.0,0.0,75.0,50.0,75.0,100.0
2.0,75.0,100.0,25.0,25.0,75.0,125.0
2.0,75.0,125.0,30.0,0.0,45.0,185.0
2.0,45.0,185.0,20.0,12.0,37.0,213.0
2.0,37.0,213.0,20.0,0.0,17.0,253.0
2.0,17.0,253.0,6.0,0.0,11.0,265.0
2.0,11.0,265.0,4.0,0.0,7.0,273.0
2.0,7.0,273.0,1.0,1.0,7.0,274.0
2.0,7.0,274.0,7.0,0.0,0.0,288.0
2.0,0.0,288.0,0.0,0.0,0.0,288.0
3.0,100.0,0.0,50.0,50.0,100.0,50.0
3.0,100.0,50.0,75.0,30.0,55.0,170.0
3.0,55.0,170.0,25.0,33.0,63.0,187.0
3.0,63.0,187.0,45.0,63.0,81.0,214.0
3.0,81.0,214.0,76.0,67.0,72.0,299.0
3.0,72.0,299.0,56.0,11.0,27.0,400.0
3.0,27.0,400.0,15.0,15.0,27.0,415.0
3.0,27.0,415.0,13.0,0.0,14.0,441.0
3.0,14.0,441.0,5.0,0.0,9.0,451.0
3.0,9.0,451.0,3.0,3.0,9.0,454.0
4.0,100.0,0.0,50.0,20.0,70.0,80.0
4.0,70.0,80.0,45.0,10.0,35.0,160.0
4.0,35.0,160.0,28.0,0.0,7.0,216.0
4.0,7.0,216.0,5.0,0.0,2.0,226.0
4.0,2.0,226.0,1.0,1.0,2.0,227.0
4.0,2.0,227.0,1.0,0.0,1.0,229.0
4.0,1.0,229.0,0.0,0.0,1.0,229.0
4.0,1.0,229.0,0.0,0.0,1.0,229.0
4.0,1.0,229.0,0.0,0.0,1.0,229.0
4.0,1.0,229.0,1.0,0.0,0.0,231.0
5.0,100.0,0.0,50.0,50.0,100.0,50.0
5.0,100.0,50.0,70.0,70.0,100.0,120.0
5.0,100.0,120.0,50.0,30.0,80.0,190.0
5.0,80.0,190.0,30.0,30.0,80.0,220.0
5.0,80.0,220.0,30.0,10.0,60.0,270.0
5.0,60.0,270.0,30.0,15.0,45.0,315.0
5.0,45.0,315.0,27.0,0.0,18.0,369.0
5.0,18.0,369.0,5.0,0.0,13.0,379.0
5.0,13.0,379.0,5.0,0.0,8.0,389.0
5.0,8.0,389.0,5.0,0.0,3.0,399.0
6.0,100.0,0.0,50.0,50.0,100.0,50.0
6.0,100.0,50.0,25.0,10.0,85.0,90.0
6.0,85.0,90.0,42.0,36.0,79.0,138.0
6.0,79.0,138.0,20.0,0.0,59.0,178.0
6.0,59.0,178.0,20.0,0.0,39.0,218.0
6.0,39.0,218.0,5.0,0.0,34.0,228.0
6.0,34.0,228.0,17.0,10.0,27.0,252.0
6.0,27.0,252.0,13.0,0.0,14.0,278.0
6.0,14.0,278.0,3.0,0.0,11.0,284.0
6.0,11.0,284.0,3.0,0.0,8.0,290.0
7.0,100.0,0.0,80.0,80.0,100.0,80.0
7.0,100.0,80.0,45.0,30.0,85.0,140.0
7.0,85.0,140.0,60.0,45.0,70.0,215.0
7.0,70.0,215.0,30.0,30.0,70.0,245.0
7.0,70.0,245.0,10.0,5.0,65.0,260.0
7.0,65.0,260.0,13.0,0.0,52.0,286.0
7.0,52.0,286.0,19.0,10.0,43.0,314.0
7.0,43.0,314.0,20.0,0.0,23.0,354.0
7.0,23.0,354.0,9.0,0.0,14.0,372.0
7.0,14.0,372.0,8.0,0.0,6.0,388.0
8.0,100.0,0.0,50.0,50.0,100.0,50.0
8.0,100.0,50.0,50.0,25.0,75.0,125.0
8.0,75.0,125.0,50.0,0.0,25.0,225.0
8.0,25.0,225.0,10.0,0.0,15.0,245.0
8.0,15.0,245.0,9.0,0.0,6.0,263.0
8.0,6.0,263.0,5.0,0.0,1.0,273.0
8.0,1.0,273.0,0.0,0.0,1.0,273.0
8.0,1.0,273.0,0.0,0.0,1.0,273.0
8.0,1.0,273.0,0.0,0.0,1.0,273.0
8.0,1.0,273.0,0.0,0.0,1.0,273.0
9.0,100.0,0.0,50.0,50.0,100.0,50.0
9.0,100.0,50.0,60.0,20.0,60.0,150.0
9.0,60.0,150.0,28.0,34.0,66.0,172.0
9.0,66.0,172.0,33.0,33.0,66.0,205.0
9.0,66.0,205.0,33.0,39.0,72.0,232.0
9.0,72.0,232.0,56.0,0.0,16.0,344.0
9.0,16.0,344.0,9.0,0.0,7.0,362.0
9.0,7.0,362.0,5.0,0.0,2.0,372.0
9.0,2.0,372.0,1.0,0.0,1.0,374.0
9.0,1.0,374.0,1.0,0.0,0.0,376.0
10.0,100.0,0.0,50.0,50.0,100.0,50.0
10.0,100.0,50.0,75.0,30.0,55.0,170.0
10.0,55.0,170.0,25.0,27.0,57.0,193.0
10.0,57.0,193.0,50.0,26.0,33.0,267.0
10.0,33.0,267.0,10.0,0.0,23.0,287.0
10.0,23.0,287.0,10.0,0.0,13.0,307.0
10.0,13.0,307.0,6.0,2.0,9.0,317.0
10.0,9.0,317.0,5.0,0.0,4.0,327.0
10.0,4.0,327.0,1.0,0.0,3.0,329.0
10.0,3.0,329.0,1.0,1.0,3.0,330.0
11.0,100.0,0.0,50.0,50.0,100.0,50.0
11.0,100.0,50.0,70.0,20.0,50.0,170.0
11.0,50.0,170.0,25.0,23.0,48.0,197.0
11.0,48.0,197.0,24.0,29.0,53.0,216.0
11.0,53.0,216.0,31.0,0.0,22.0,278.0
11.0,22.0,278.0,6.0,0.0,16.0,290.0
11.0,16.0,290.0,8.0,8.0,16.0,298.0
11.0,16.0,298.0,4.0,0.0,12.0,306.0
11.0,12.0,306.0,8.0,4.0,8.0,318.0
11.0,8.0,318.0,2.0,0.0,6.0,322.0
12.0,100.0,0.0,50.0,50.0,100.0,50.0
12.0,100.0,50.0,45.0,30.0,85.0,110.0
12.0,85.0,110.0,25.0,25.0,85.0,135.0
12.0,85.0,135.0,50.0,20.0,55.0,215.0
12.0,55.0,215.0,50.0,74.0,79.0,241.0
12.0,79.0,241.0,50.0,58.0,87.0,283.0
12.0,87.0,283.0,56.0,19.0,50.0,376.0
12.0,50.0,376.0,10.0,10.0,50.0,386.0
12.0,50.0,386.0,12.0,24.0,62.0,386.0
12.0,62.0,386.0,56.0,50.0,56.0,448.0
13.0,100.0,0.0,50.0,50.0,100.0,50.0
13.0,100.0,50.0,50.0,25.0,75.0,125.0
13.0,75.0,125.0,30.0,30.0,75.0,155.0
13.0,75.0,155.0,25.0,0.0,50.0,205.0
13.0,50.0,205.0,10.0,10.0,50.0,215.0
13.0,50.0,215.0,35.0,14.0,29.0,271.0
13.0,29.0,271.0,5.0,0.0,24.0,281.0
13.0,24.0,281.0,24.0,24.0,24.0,305.0
13.0,24.0,305.0,18.0,6.0,12.0,335.0
13.0,12.0,335.0,6.0,0.0,6.0,347.0
14.0,100.0,0.0,50.0,50.0,100.0,50.0
14.0,100.0,50.0,50.0,30.0,80.0,120.0
14.0,80.0,120.0,56.0,56.0,80.0,176.0
14.0,80.0,176.0,56.0,44.0,68.0,244.0
14.0,68.0,244.0,34.0,68.0,102.0,244.0
14.0,102.0,244.0,56.0,56.0,102.0,300.0
14.0,102.0,300.0,46.0,38.0,94.0,354.0
14.0,94.0,354.0,10.0,0.0,84.0,374.0
14.0,84.0,374.0,56.0,0.0,28.0,486.0
14.0,28.0,486.0,7.0,14.0,35.0,486.0
15.0,100.0,0.0,50.0,20.0,70.0,80.0
15.0,70.0,80.0,56.0,12.0,26.0,180.0
15.0,26.0,180.0,5.0,5.0,26.0,185.0
15.0,26.0,185.0,4.0,3.0,25.0,190.0
15.0,25.0,190.0,2.0,1.0,24.0,193.0
15.0,24.0,193.0,5.0,5.0,24.0,198.0
15.0,24.0,198.0,6.0,6.0,24.0,204.0
15.0,24.0,204.0,12.0,6.0,18.0,222.0
15.0,18.0,222.0,9.0,0.0,9.0,240.0
15.0,9.0,240.0,3.0,3.0,9.0,243.0
16.0,100.0,0.0,50.0,50.0,100.0,50.0
16.0,100.0,50.0,70.0,20.0,50.0,170.0
16.0,50.0,170.0,30.0,30.0,50.0,200.0
16.0,50.0,200.0,10.0,0.0,40.0,220.0
16.0,40.0,220.0,39.0,16.0,17.0,282.0
16.0,17.0,282.0,9.0,0.0,8.0,300.0
16.0,8.0,300.0,5.0,2.0,5.0,308.0
16.0,5.0,308.0,1.0,1.0,5.0,309.0
16.0,5.0,309.0,2.0,2.0,5.0,311.0
16.0,5.0,311.0,5.0,0.0,0.0,321.0
17.0,100.0,0.0,50.0,50.0,100.0,50.0
17.0,100.0,50.0,75.0,30.0,55.0,170.0
17.0,55.0,170.0,30.0,23.0,48.0,207.0
17.0,48.0,207.0,12.0,12.0,48.0,219.0
17.0,48.0,219.0,16.0,7.0,39.0,244.0
17.0,39.0,244.0,15.0,0.0,24.0,274.0
17.0,24.0,274.0,12.0,12.0,24.0,286.0
17.0,24.0,286.0,12.0,12.0,24.0,298.0
17.0,24.0,298.0,5.0,0.0,19.0,308.0
17.0,19.0,308.0,5.0,0.0,14.0,318.0
18.0,100.0,0.0,50.0,50.0,100.0,50.0
18.0,100.0,50.0,50.0,30.0,80.0,120.0
18.0,80.0,120.0,56.0,48.0,72.0,184.0
18.0,72.0,184.0,50.0,50.0,72.0,234.0
18.0,72.0,234.0,36.0,0.0,36.0,306.0
18.0,36.0,306.0,12.0,12.0,36.0,318.0
18.0,36.0,318.0,2.0,0.0,34.0,322.0
18.0,34.0,322.0,10.0,0.0,24.0,342.0
18.0,24.0,342.0,16.0,0.0,8.0,374.0
18.0,8.0,374.0,5.0,0.0,3.0,384.0
19.0,100.0,0.0,85.0,30.0,45.0,140.0
19.0,45.0,140.0,27.0,27.0,45.0,167.0
19.0,45.0,167.0,30.0,25.0,40.0,202.0
19.0,40.0,202.0,15.0,3.0,28.0,229.0
19.0,28.0,229.0,14.0,14.0,28.0,243.0
19.0,28.0,243.0,14.0,7.0,21.0,264.0
19.0,21.0,264.0,5.0,5.0,21.0,269.0
19.0,21.0,269.0,5.0,0.0,16.0,279.0
19.0,16.0,279.0,5.0,0.0,11.0,289.0
19.0,11.0,289.0,5.0,0.0,6.0,299.0
20.0,100.0,0.0,50.0,50.0,100.0,50.0
20.0,100.0,50.0,75.0,30.0,55.0,170.0
20.0,55.0,170.0,50.0,35.0,40.0,235.0
20.0,40.0,235.0,18.0,18.0,40.0,253.0
20.0,40.0,253.0,17.0,14.0,37.0,273.0
20.0,37.0,273.0,10.0,0.0,27.0,293.0
20.0,27.0,293.0,15.0,0.0,12.0,323.0
20.0,12.0,323.0,4.0,0.0,8.0,331.0
20.0,8.0,331.0,2.0,0.0,6.0,335.0
20.0,6.0,335.0,1.0,0.0,5.0,337.0
21.0,100.0,0.0,50.0,50.0,100.0,50.0
21.0,100.0,50.0,75.0,30.0,55.0,170.0
21.0,55.0,170.0,42.0,42.0,55.0,212.0
21.0,55.0,212.0,10.0,0.0,45.0,232.0
21.0,45.0,232.0,27.0,0.0,18.0,286.0
21.0,18.0,286.0,9.0,0.0,9.0,304.0
21.0,9.0,304.0,7.0,7.0,9.0,311.0
21.0,9.0,311.0,5.0,0.0,4.0,321.0
21.0,4.0,321.0,3.0,0.0,1.0,327.0
21.0,1.0,327.0,1.0,1.0,1.0,328.0
22.0,100.0,0.0,50.0,50.0,100.0,50.0
22.0,100.0,50.0,75.0,30.0,55.0,170.0
22.0,55.0,170.0,27.0,27.0,55.0,197.0
22.0,55.0,197.0,20.0,0.0,35.0,237.0
22.0,35.0,237.0,10.0,0.0,25.0,257.0
22.0,25.0,257.0,10.0,0.0,15.0,277.0
22.0,15.0,277.0,10.0,0.0,5.0,297.0
22.0,5.0,297.0,3.0,3.0,5.0,300.0
22.0,5.0,300.0,5.0,2.0,2.0,308.0
22.0,2.0,308.0,1.0,0.0,1.0,310.0
23.0,100.0,0.0,50.0,50.0,100.0,50.0
23.0,100.0,50.0,50.0,25.0,75.0,125.0
23.0,75.0,125.0,35.0,0.0,40.0,195.0
23.0,40.0,195.0,20.0,10.0,30.0,225.0
23.0,30.0,225.0,18.0,18.0,30.0,243.0
23.0,30.0,243.0,15.0,9.0,24.0,264.0
23.0,24.0,264.0,12.0,12.0,24.0,276.0
23.0,24.0,276.0,8.0,0.0,16.0,292.0
23.0,16.0,292.0,10.0,0.0,6.0,312.0
23.0,6.0,312.0,4.0,0.0,2.0,320.0
24.0,100.0,0.0,50.0,50.0,100.0,50.0
24.0,100.0,50.0,50.0,30.0,80.0,120.0
24.0,80.0,120.0,56.0,36.0,60.0,196.0
24.0,60.0,196.0,40.0,56.0,76.0,220.0
24.0,76.0,220.0,35.0,40.0,81.0,250.0
24.0,81.0,250.0,49.0,63.0,95.0,285.0
24.0,95.0,285.0,47.0,0.0,48.0,379.0
24.0,48.0,379.0,12.0,0.0,36.0,403.0
24.0,36.0,403.0,27.0,27.0,36.0,430.0
24.0,36.0,430.0,12.0,0.0,24.0,454.0
25.0,100.0,0.0,50.0,50.0,100.0,50.0
25.0,100.0,50.0,60.0,20.0,60.0,150.0
25.0,60.0,150.0,35.0,40.0,65.0,180.0
25.0,65.0,180.0,27.0,0.0,38.0,234.0
25.0,38.0,234.0,20.0,10.0,28.0,264.0
25.0,28.0,264.0,7.0,0.0,21.0,278.0
25.0,21.0,278.0,9.0,0.0,12.0,296.0
25.0,12.0,296.0,8.0,0.0,4.0,312.0
25.0,4.0,312.0,4.0,0.0,0.0,320.0
25.0,0.0,320.0,0.0,0.0,0.0,320.0
26.0,100.0,0.0,50.0,50.0,100.0,50.0
26.0,100.0,50.0,50.0,25.0,75.0,125.0
26.0,75.0,125.0,40.0,30.0,65.0,175.0
26.0,65.0,175.0,20.0,0.0,45.0,215.0
26.0,45.0,215.0,27.0,18.0,36.0,251.0
26.0,36.0,251.0,0.0,0.0,36.0,251.0
26.0,36.0,251.0,0.0,0.0,36.0,251.0
26.0,36.0,251.0,24.0,0.0,12.0,299.0
26.0,12.0,299.0,5.0,5.0,12.0,304.0
26.0,12.0,304.0,5.0,0.0,7.0,314.0
27.0,100.0,0.0,50.0,50.0,100.0,50.0
27.0,100.0,50.0,30.0,20.0,90.0,90.0
27.0,90.0,90.0,50.0,10.0,50.0,180.0
27.0,50.0,180.0,30.0,30.0,50.0,210.0
27.0,50.0,210.0,12.0,0.0,38.0,234.0
27.0,38.0,234.0,10.0,5.0,33.0,249.0
27.0,33.0,249.0,10.0,5.0,28.0,264.0
27.0,28.0,264.0,14.0,0.0,14.0,292.0
27.0,14.0,292.0,7.0,7.0,14.0,299.0
27.0,14.0,299.0,7.0,0.0,7.0,313.0
28.0,100.0,0.0,50.0,20.0,70.0,80.0
28.0,70.0,80.0,40.0,10.0,40.0,150.0
28.0,40.0,150.0,20.0,10.0,30.0,180.0
28.0,30.0,180.0,15.0,5.0,20.0,205.0
28.0,20.0,205.0,10.0,5.0,15.0,220.0
28.0,15.0,220.0,8.0,8.0,15.0,228.0
28.0,15.0,228.0,6.0,0.0,9.0,240.0
28.0,9.0,240.0,5.0,5.0,9.0,245.0
28.0,9.0,245.0,3.0,0.0,6.0,251.0
28.0,6.0,251.0,3.0,0.0,3.0,257.0
29.0,100.0,0.0,50.0,50.0,100.0,50.0
29.0,100.0,50.0,60.0,40.0,80.0,130.0
29.0,80.0,130.0,56.0,28.0,52.0,214.0
29.0,52.0,214.0,10.0,0.0,42.0,234.0
29.0,42.0,234.0,10.0,0.0,32.0,254.0
29.0,32.0,254.0,10.0,0.0,22.0,274.0
29.0,22.0,274.0,5.0,0.0,17.0,284.0
29.0,17.0,284.0,5.0,0.0,12.0,294.0
29.0,12.0,294.0,0.0,0.0,12.0,294.0
29.0,12.0,294.0,6.0,0.0,6.0,306.0
30.0,100.0,0.0,50.0,20.0,70.0,80.0
30.0,70.0,80.0,20.0,10.0,60.0,110.0
30.0,60.0,110.0,45.0,40.0,55.0,160.0
30.0,55.0,160.0,30.0,40.0,65.0,180.0
30.0,65.0,180.0,30.0,30.0,65.0,210.0
30.0,65.0,210.0,30.0,30.0,65.0,240.0
30.0,65.0,240.0,60.0,95.0,100.0,265.0
30.0,100.0,265.0,80.0,85.0,105.0,340.0
30.0,105.0,340.0,60.0,90.0,135.0,370.0
30.0,135.0,370.0,60.0,0.0,75.0,490.0
31.0,100.0,0.0,50.0,50.0,100.0,50.0
31.0,100.0,50.0,50.0,25.0,75.0,125.0
31.0,75.0,125.0,30.0,30.0,75.0,155.0
31.0,75.0,155.0,40.0,30.0,65.0,205.0
31.0,65.0,205.0,35.0,15.0,45.0,260.0
31.0,45.0,260.0,15.0,0.0,30.0,290.0
31.0,30.0,290.0,15.0,0.0,15.0,320.0
31.0,15.0,320.0,10.0,0.0,5.0,340.0
31.0,5.0,340.0,5.0,0.0,0.0,350.0
31.0,0.0,350.0,0.0,0.0,0.0,350.0
32.0,100.0,0.0,50.0,50.0,100.0,50.0
32.0,100.0,50.0,50.0,25.0,75.0,125.0
32.0,75.0,125.0,40.0,30.0,65.0,175.0
32.0,65.0,175.0,40.0,0.0,25.0,255.0
32.0,25.0,255.0,5.0,0.0,20.0,265.0
32.0,20.0,265.0,1.0,0.0,19.0,267.0
32.0,19.0,267.0,8.0,0.0,11.0,283.0
32.0,11.0,283.0,7.0,0.0,4.0,297.0
32.0,4.0,297.0,3.0,0.0,1.0,303.0
32.0,1.0,303.0,0.0,0.0,1.0,303.0
33.0,100.0,0.0,60.0,30.0,70.0,90.0
33.0,70.0,90.0,35.0,20.0,55.0,140.0
33.0,55.0,140.0,30.0,20.0,45.0,180.0
33.0,45.0,180.0,30.0,30.0,45.0,210.0
33.0,45.0,210.0,36.0,18.0,27.0,264.0
33.0,27.0,264.0,13.0,0.0,14.0,290.0
33.0,14.0,290.0,7.0,0.0,7.0,304.0
33.0,7.0,304.0,5.0,5.0,7.0,309.0
33.0,7.0,309.0,7.0,0.0,0.0,323.0
33.0,0.0,323.0,0.0,0.0,0.0,323.0
34.0,100.0,0.0,75.0,75.0,100.0,75.0
34.0,100.0,75.0,63.0,24.0,61.0,177.0
34.0,61.0,177.0,30.0,0.0,31.0,237.0
34.0,31.0,237.0,20.0,5.0,16.0,272.0
34.0,16.0,272.0,8.0,8.0,16.0,280.0
34.0,16.0,280.0,9.0,3.0,10.0,295.0
34.0,10.0,295.0,7.0,2.0,5.0,307.0
34.0,5.0,307.0,1.0,1.0,5.0,308.0
34.0,5.0,308.0,2.0,0.0,3.0,312.0
34.0,3.0,312.0,3.0,0.0,0.0,318.0
35.0,100.0,0.0,50.0,50.0,100.0,50.0
35.0,100.0,50.0,70.0,20.0,50.0,170.0
35.0,50.0,170.0,25.0,25.0,50.0,195.0
35.0,50.0,195.0,20.0,10.0,40.0,225.0
35.0,40.0,225.0,20.0,10.0,30.0,255.0
35.0,30.0,255.0,10.0,5.0,25.0,270.0
35.0,25.0,270.0,12.0,6.0,19.0,288.0
35.0,19.0,288.0,7.0,0.0,12.0,302.0
35.0,12.0,302.0,6.0,0.0,6.0,314.0
35.0,6.0,314.0,2.0,0.0,4.0,318.0
36.0,100.0,0.0,50.0,50.0,100.0,50.0
36.0,100.0,50.0,60.0,30.0,70.0,140.0
36.0,70.0,140.0,35.0,30.0,65.0,180.0
36.0,65.0,180.0,25.0,25.0,65.0,205.0
36.0,65.0,205.0,30.0,15.0,50.0,250.0
36.0,50.0,250.0,10.0,0.0,40.0,270.0
36.0,40.0,270.0,15.0,5.0,30.0,295.0
36.0,30.0,295.0,10.0,5.0,25.0,310.0
36.0,25.0,310.0,11.0,7.0,21.0,325.0
36.0,21.0,325.0,5.0,0.0,16.0,335.0
37.0,100.0,0.0,50.0,50.0,100.0,50.0
37.0,100.0,50.0,75.0,30.0,55.0,170.0
37.0,55.0,170.0,32.0,36.0,59.0,198.0
37.0,59.0,198.0,20.0,0.0,39.0,238.0
37.0,39.0,238.0,10.0,0.0,29.0,258.0
37.0,29.0,258.0,10.0,0.0,19.0,278.0
37.0,19.0,278.0,5.0,5.0,19.0,283.0
37.0,19.0,283.0,5.0,0.0,14.0,293.0
37.0,14.0,293.0,5.0,0.0,9.0,303.0
37.0,9.0,303.0,6.0,0.0,3.0,315.0
38.0,100.0,0.0,50.0,50.0,100.0,50.0
38.0,100.0,50.0,40.0,20.0,80.0,110.0
38.0,80.0,110.0,40.0,40.0,80.0,150.0
38.0,80.0,150.0,40.0,30.0,70.0,200.0
38.0,70.0,200.0,35.0,30.0,65.0,240.0
38.0,65.0,240.0,35.0,15.0,45.0,295.0
38.0,45.0,295.0,15.0,10.0,40.0,315.0
38.0,40.0,315.0,17.0,7.0,30.0,342.0
38.0,30.0,342.0,15.0,0.0,15.0,372.0
38.0,15.0,372.0,8.0,0.0,7.0,388.0
39.0,100.0,0.0,50.0,50.0,100.0,50.0
39.0,100.0,50.0,20.0,20.0,100.0,70.0
39.0,100.0,70.0,50.0,30.0,80.0,140.0
39.0,80.0,140.0,30.0,20.0,70.0,180.0
39.0,70.0,180.0,20.0,20.0,70.0,200.0
39.0,70.0,200.0,56.0,58.0,72.0,254.0
39.0,72.0,254.0,12.0,0.0,60.0,278.0
39.0,60.0,278.0,30.0,15.0,45.0,323.0
39.0,45.0,323.0,12.0,0.0,33.0,347.0
39.0,33.0,347.0,33.0,0.0,0.0,413.0
40.0,100.0,0.0,50.0,50.0,100.0,50.0
40.0,100.0,50.0,60.0,20.0,60.0,150.0
40.0,60.0,150.0,30.0,30.0,60.0,180.0
40.0,60.0,180.0,45.0,30.0,45.0,240.0
40.0,45.0,240.0,18.0,18.0,45.0,258.0
40.0,45.0,258.0,10.0,10.0,45.0,268.0
40.0,45.0,268.0,10.0,0.0,35.0,288.0
40.0,35.0,288.0,10.0,0.0,25.0,308.0
40.0,25.0,308.0,7.0,0.0,18.0,322.0
40.0,18.0,322.0,9.0,0.0,9.0,340.0
41.0,100.0,0.0,50.0,50.0,100.0,50.0
41.0,100.0,50.0,70.0,20.0,50.0,170.0
41.0,50.0,170.0,30.0,20.0,40.0,210.0
41.0,40.0,210.0,20.0,15.0,35.0,235.0
41.0,35.0,235.0,10.0,10.0,35.0,245.0
41.0,35.0,245.0,10.0,0.0,25.0,265.0
41.0,25.0,265.0,10.0,0.0,15.0,285.0
41.0,15.0,285.0,7.0,0.0,8.0,299.0
41.0,8.0,299.0,7.0,0.0,1.0,313.0
41.0,1.0,313.0,0.0,0.0,1.0,313.0
42.0,100.0,0.0,60.0,30.0,70.0,90.0
42.0,70.0,90.0,50.0,10.0,30.0,180.0
42.0,30.0,180.0,29.0,20.0,21.0,218.0
42.0,21.0,218.0,9.0,0.0,12.0,236.0
42.0,12.0,236.0,1.0,0.0,11.0,238.0
42.0,11.0,238.0,6.0,0.0,5.0,250.0
42.0,5.0,250.0,4.0,1.0,2.0,257.0
42.0,2.0,257.0,1.0,0.0,1.0,259.0
42.0,1.0,259.0,0.0,0.0,1.0,259.0
42.0,1.0,259.0,0.0,0.0,1.0,259.0
43.0,100.0,0.0,50.0,50.0,100.0,50.0
43.0,100.0,50.0,50.0,20.0,70.0,130.0
43.0,70.0,130.0,25.0,20.0,65.0,160.0
43.0,65.0,160.0,32.0,32.0,65.0,192.0
43.0,65.0,192.0,30.0,30.0,65.0,222.0
43.0,65.0,222.0,10.0,0.0,55.0,242.0
43.0,55.0,242.0,10.0,0.0,45.0,262.0
43.0,45.0,262.0,25.0,13.0,33.0,299.0
43.0,33.0,299.0,5.0,0.0,28.0,309.0
43.0,28.0,309.0,28.0,14.0,14.0,351.0
44.0,100.0,0.0,85.0,30.0,45.0,140.0
44.0,45.0,140.0,25.0,25.0,45.0,165.0
44.0,45.0,165.0,20.0,0.0,25.0,205.0
44.0,25.0,205.0,10.0,5.0,20.0,220.0
44.0,20.0,220.0,16.0,16.0,20.0,236.0
44.0,20.0,236.0,10.0,10.0,20.0,246.0
44.0,20.0,246.0,10.0,0.0,10.0,266.0
44.0,10.0,266.0,5.0,0.0,5.0,276.0
44.0,5.0,276.0,5.0,0.0,0.0,286.0
44.0,0.0,286.0,0.0,0.0,0.0,286.0
45.0,100.0,0.0,50.0,50.0,100.0,50.0
45.0,100.0,50.0,70.0,70.0,100.0,120.0
45.0,100.0,120.0,50.0,30.0,80.0,190.0
45.0,80.0,190.0,50.0,30.0,60.0,260.0
45.0,60.0,260.0,30.0,30.0,60.0,290.0
45.0,60.0,290.0,50.0,30.0,40.0,360.0
45.0,40.0,360.0,25.0,12.0,27.0,398.0
45.0,27.0,398.0,5.0,5.0,27.0,403.0
45.0,27.0,403.0,5.0,0.0,22.0,413.0
45.0,22.0,413.0,5.0,0.0,17.0,423.0
46.0,100.0,0.0,50.0,50.0,100.0,50.0
46.0,100.0,50.0,60.0,20.0,60.0,150.0
46.0,60.0,150.0,30.0,30.0,60.0,180.0
46.0,60.0,180.0,30.0,30.0,60.0,210.0
46.0,60.0,210.0,36.0,18.0,42.0,264.0
46.0,42.0,264.0,10.0,10.0,42.0,274.0
46.0,42.0,274.0,10.0,0.0,32.0,294.0
46.0,32.0,294.0,16.0,16.0,32.0,310.0
46.0,32.0,310.0,16.0,7.0,23.0,335.0
46.0,23.0,335.0,12.0,18.0,29.0,341.0
47.0,100.0,0.0,50.0,50.0,100.0,50.0
47.0,100.0,50.0,50.0,25.0,75.0,125.0
47.0,75.0,125.0,42.0,0.0,33.0,209.0
47.0,33.0,209.0,15.0,0.0,18.0,239.0
47.0,18.0,239.0,6.0,0.0,12.0,251.0
47.0,12.0,251.0,3.0,0.0,9.0,257.0
47.0,9.0,257.0,4.0,0.0,5.0,265.0
47.0,5.0,265.0,1.0,0.0,4.0,267.0
47.0,4.0,267.0,3.0,0.0,1.0,273.0
47.0,1.0,273.0,1.0,1.0,1.0,274.0
48.0,100.0,0.0,65.0,50.0,85.0,80.0
48.0,85.0,80.0,43.0,1.0,43.0,165.0
48.0,43.0,165.0,20.0,20.0,43.0,185.0
48.0,43.0,185.0,20.0,10.0,33.0,215.0
48.0,33.0,215.0,18.0,6.0,21.0,245.0
48.0,21.0,245.0,9.0,0.0,12.0,263.0
48.0,12.0,263.0,4.0,0.0,8.0,271.0
48.0,8.0,271.0,5.0,5.0,8.0,276.0
48.0,8.0,276.0,5.0,0.0,3.0,286.0
48.0,3.0,286.0,1.0,0.0,2.0,288.0
49.0,100.0,0.0,75.0,50.0,75.0,100.0
49.0,75.0,100.0,25.0,25.0,75.0,125.0
49.0,75.0,125.0,40.0,40.0,75.0,165.0
49.0,75.0,165.0,40.0,0.0,35.0,245.0
49.0,35.0,245.0,10.0,0.0,25.0,265.0
49.0,25.0,265.0,10.0,0.0,15.0,285.0
49.0,15.0,285.0,6.0,0.0,9.0,297.0
49.0,9.0,297.0,6.0,0.0,3.0,309.0
49.0,3.0,309.0,2.0,0.0,1.0,313.0
49.0,1.0,313.0,0.0,0.0,1.0,313.0
50.0,100.0,0.0,50.0,20.0,70.0,80.0
50.0,70.0,80.0,56.0,24.0,38.0,168.0
50.0,38.0,168.0,24.0,0.0,14.0,216.0
50.0,14.0,216.0,3.0,3.0,14.0,219.0
50.0,14.0,219.0,7.0,0.0,7.0,233.0
50.0,7.0,233.0,7.0,0.0,0.0,247.0
50.0,0.0,247.0,0.0,0.0,0.0,247.0
50.0,0.0,247.0,0.0,0.0,0.0,247.0
50.0,0.0,247.0,0.0,0.0,0.0,247.0
50.0,0.0,247.0,0.0,0.0,0.0,247.0
51.0,100.0,0.0,50.0,50.0,100.0,50.0
51.0,100.0,50.0,50.0,30.0,80.0,120.0
51.0,80.0,120.0,40.0,50.0,90.0,150.0
51.0,90.0,150.0,60.0,30.0,60.0,240.0
51.0,60.0,240.0,30.0,30.0,60.0,270.0
51.0,60.0,270.0,30.0,15.0,45.0,315.0
51.0,45.0,315.0,27.0,0.0,18.0,369.0
51.0,18.0,369.0,5.0,5.0,18.0,374.0
51.0,18.0,374.0,9.0,0.0,9.0,392.0
51.0,9.0,392.0,1.0,0.0,8.0,394.0
52.0,100.0,0.0,50.0,20.0,70.0,80.0
52.0,70.0,80.0,56.0,32.0,46.0,160.0
52.0,46.0,160.0,25.0,20.0,41.0,190.0
52.0,41.0,190.0,20.0,10.0,31.0,220.0
52.0,31.0,220.0,6.0,6.0,31.0,226.0
52.0,31.0,226.0,27.0,5.0,9.0,275.0
52.0,9.0,275.0,6.0,0.0,3.0,287.0
52.0,3.0,287.0,1.0,1.0,3.0,288.0
52.0,3.0,288.0,1.0,0.0,2.0,290.0
52.0,2.0,290.0,1.0,0.0,1.0,292.0
53.0,100.0,0.0,50.0,50.0,100.0,50.0
53.0,100.0,50.0,50.0,25.0,75.0,125.0
53.0,75.0,125.0,45.0,30.0,60.0,185.0
53.0,60.0,185.0,30.0,30.0,60.0,215.0
53.0,60.0,215.0,40.0,40.0,60.0,255.0
53.0,60.0,255.0,10.0,0.0,50.0,275.0
53.0,50.0,275.0,10.0,5.0,45.0,290.0
53.0,45.0,290.0,36.0,27.0,36.0,335.0
53.0,36.0,335.0,27.0,0.0,9.0,389.0
53.0,9.0,389.0,6.0,0.0,3.0,401.0
54.0,100.0,0.0,50.0,50.0,100.0,50.0
54.0,100.0,50.0,60.0,30.0,70.0,140.0
54.0,70.0,140.0,20.0,20.0,70.0,160.0
54.0,70.0,160.0,20.0,5.0,55.0,195.0
54.0,55.0,195.0,30.0,27.0,52.0,228.0
54.0,52.0,228.0,30.0,0.0,22.0,288.0
54.0,22.0,288.0,10.0,5.0,17.0,303.0
54.0,17.0,303.0,8.0,0.0,9.0,319.0
54.0,9.0,319.0,5.0,0.0,4.0,329.0
54.0,4.0,329.0,1.0,1.0,4.0,330.0
55.0,100.0,0.0,50.0,50.0,100.0,50.0
55.0,100.0,50.0,75.0,25.0,50.0,175.0
55.0,50.0,175.0,25.0,30.0,55.0,195.0
55.0,55.0,195.0,20.0,0.0,35.0,235.0
55.0,35.0,235.0,10.0,0.0,25.0,255.0
55.0,25.0,255.0,10.0,0.0,15.0,275.0
55.0,15.0,275.0,6.0,0.0,9.0,287.0
55.0,9.0,287.0,1.0,0.0,8.0,289.0
55.0,8.0,289.0,5.0,0.0,3.0,299.0
55.0,3.0,299.0,1.0,0.0,2.0,301.0
56.0,100.0,0.0,50.0,50.0,100.0,50.0
56.0,100.0,50.0,70.0,20.0,50.0,170.0
56.0,50.0,170.0,20.0,0.0,30.0,210.0
56.0,30.0,210.0,5.0,5.0,30.0,215.0
56.0,30.0,215.0,7.0,7.0,30.0,222.0
56.0,30.0,222.0,10.0,10.0,30.0,232.0
56.0,30.0,232.0,16.0,16.0,30.0,248.0
56.0,30.0,248.0,15.0,15.0,30.0,263.0
56.0,30.0,263.0,5.0,0.0,25.0,273.0
56.0,25.0,273.0,12.0,0.0,13.0,297.0
57.0,100.0,0.0,50.0,50.0,100.0,50.0
57.0,100.0,50.0,30.0,20.0,90.0,90.0
57.0,90.0,90.0,50.0,10.0,50.0,180.0
57.0,50.0,180.0,30.0,30.0,50.0,210.0
57.0,50.0,210.0,30.0,30.0,50.0,240.0
57.0,50.0,240.0,37.0,26.0,39.0,288.0
57.0,39.0,288.0,17.0,14.0,36.0,308.0
57.0,36.0,308.0,12.0,12.0,36.0,320.0
57.0,36.0,320.0,0.0,0.0,36.0,320.0
57.0,36.0,320.0,15.0,18.0,39.0,332.0
58.0,100.0,0.0,85.0,30.0,45.0,140.0
58.0,45.0,140.0,27.0,36.0,54.0,158.0
58.0,54.0,158.0,21.0,21.0,54.0,179.0
58.0,54.0,179.0,36.0,36.0,54.0,215.0
58.0,54.0,215.0,36.0,0.0,18.0,287.0
58.0,18.0,287.0,3.0,0.0,15.0,293.0
58.0,15.0,293.0,6.0,0.0,9.0,305.0
58.0,9.0,305.0,4.0,1.0,6.0,312.0
58.0,6.0,312.0,0.0,0.0,6.0,312.0
58.0,6.0,312.0,3.0,0.0,3.0,318.0
59.0,100.0,0.0,50.0,50.0,100.0,50.0
59.0,100.0,50.0,70.0,0.0,30.0,190.0
59.0,30.0,190.0,28.0,5.0,7.0,241.0
59.0,7.0,241.0,5.0,0.0,2.0,251.0
59.0,2.0,251.0,1.0,0.0,1.0,253.0
59.0,1.0,253.0,0.0,0.0,1.0,253.0
59.0,1.0,253.0,0.0,0.0,1.0,253.0
59.0,1.0,253.0,0.0,0.0,1.0,253.0
59.0,1.0,253.0,0.0,0.0,1.0,253.0
59.0,1.0,253.0,0.0,0.0,1.0,253.0
60.0,100.0,0.0,50.0,50.0,100.0,50.0
60.0,100.0,50.0,40.0,20.0,80.0,110.0
60.0,80.0,110.0,35.0,40.0,85.0,140.0
60.0,85.0,140.0,20.0,25.0,90.0,155.0
60.0,90.0,155.0,60.0,30.0,60.0,245.0
60.0,60.0,245.0,10.0,2.0,52.0,263.0
60.0,52.0,263.0,10.0,0.0,42.0,283.0
60.0,42.0,283.0,10.0,0.0,32.0,303.0
60.0,32.0,303.0,16.0,16.0,32.0,319.0
60.0,32.0,319.0,8.0,0.0,24.0,335.0
61.0,100.0,0.0,50.0,50.0,100.0,50.0
61.0,100.0,50.0,60.0,40.0,80.0,130.0
61.0,80.0,130.0,60.0,30.0,50.0,220.0
61.0,50.0,220.0,30.0,60.0,80.0,220.0
61.0,80.0,220.0,40.0,60.0,100.0,240.0
61.0,100.0,240.0,50.0,76.0,126.0,264.0
61.0,126.0,264.0,50.0,58.0,134.0,306.0
61.0,134.0,306.0,87.0,57.0,104.0,423.0
61.0,104.0,423.0,52.0,52.0,104.0,475.0
61.0,104.0,475.0,62.0,0.0,42.0,599.0
62.0,100.0,0.0,50.0,20.0,70.0,80.0
62.0,70.0,80.0,25.0,20.0,65.0,110.0
62.0,65.0,110.0,20.0,25.0,70.0,125.0
62.0,70.0,125.0,35.0,35.0,70.0,160.0
62.0,70.0,160.0,42.0,30.0,58.0,214.0
62.0,58.0,214.0,10.0,0.0,48.0,234.0
62.0,48.0,234.0,16.0,16.0,48.0,250.0
62.0,48.0,250.0,16.0,16.0,48.0,266.0
62.0,48.0,266.0,32.0,0.0,16.0,330.0
62.0,16.0,330.0,8.0,0.0,8.0,346.0
63.0,100.0,0.0,50.0,50.0,100.0,50.0
63.0,100.0,50.0,50.0,25.0,75.0,125.0
63.0,75.0,125.0,30.0,30.0,75.0,155.0
63.0,75.0,155.0,30.0,30.0,75.0,185.0
63.0,75.0,185.0,25.0,20.0,70.0,215.0
63.0,70.0,215.0,48.0,36.0,58.0,275.0
63.0,58.0,275.0,30.0,0.0,28.0,335.0
63.0,28.0,335.0,14.0,14.0,28.0,349.0
63.0,28.0,349.0,28.0,0.0,0.0,405.0
63.0,0.0,405.0,0.0,0.0,0.0,405.0
64.0,100.0,0.0,60.0,40.0,80.0,80.0
64.0,80.0,80.0,40.0,56.0,96.0,104.0
64.0,96.0,104.0,88.0,52.0,60.0,228.0
64.0,60.0,228.0,50.0,37.0,47.0,291.0
64.0,47.0,291.0,34.0,0.0,13.0,359.0
64.0,13.0,359.0,6.0,0.0,7.0,371.0
64.0,7.0,371.0,6.0,0.0,1.0,383.0
64.0,1.0,383.0,0.0,0.0,1.0,383.0
64.0,1.0,383.0,0.0,0.0,1.0,383.0
64.0,1.0,383.0,0.0,0.0,1.0,383.0
65.0,100.0,0.0,50.0,50.0,100.0,50.0
65.0,100.0,50.0,60.0,30.0,70.0,140.0
65.0,70.0,140.0,35.0,30.0,65.0,180.0
65.0,65.0,180.0,42.0,36.0,59.0,228.0
65.0,59.0,228.0,10.0,0.0,49.0,248.0
65.0,49.0,248.0,10.0,0.0,39.0,268.0
65.0,39.0,268.0,15.0,15.0,39.0,283.0
65.0,39.0,283.0,10.0,15.0,44.0,288.0
65.0,44.0,288.0,36.0,36.0,44.0,324.0
65.0,44.0,324.0,15.0,16.0,45.0,338.0
66.0,100.0,0.0,75.0,30.0,55.0,120.0
66.0,55.0,120.0,35.0,35.0,55.0,155.0
66.0,55.0,155.0,20.0,0.0,35.0,195.0
66.0,35.0,195.0,20.0,20.0,35.0,215.0
66.0,35.0,215.0,7.0,7.0,35.0,222.0
66.0,35.0,222.0,10.0,0.0,25.0,242.0
66.0,25.0,242.0,10.0,0.0,15.0,262.0
66.0,15.0,262.0,8.0,0.0,7.0,278.0
66.0,7.0,278.0,5.0,0.0,2.0,288.0
66.0,2.0,288.0,1.0,0.0,1.0,290.0
67.0,100.0,0.0,50.0,20.0,70.0,80.0
67.0,70.0,80.0,35.0,5.0,40.0,145.0
67.0,40.0,145.0,26.0,39.0,53.0,158.0
67.0,53.0,158.0,20.0,0.0,33.0,198.0
67.0,33.0,198.0,20.0,0.0,13.0,238.0
67.0,13.0,238.0,7.0,0.0,6.0,252.0
67.0,6.0,252.0,2.0,1.0,5.0,255.0
67.0,5.0,255.0,3.0,1.0,3.0,260.0
67.0,3.0,260.0,2.0,0.0,1.0,264.0
67.0,1.0,264.0,0.0,0.0,1.0,264.0
68.0,100.0,0.0,50.0,50.0,100.0,50.0
68.0,100.0,50.0,75.0,30.0,55.0,170.0
68.0,55.0,170.0,32.0,36.0,59.0,198.0
68.0,59.0,198.0,30.0,30.0,59.0,228.0
68.0,59.0,228.0,30.0,12.0,41.0,276.0
68.0,41.0,276.0,10.0,0.0,31.0,296.0
68.0,31.0,296.0,7.0,0.0,24.0,310.0
68.0,24.0,310.0,6.0,5.0,23.0,317.0
68.0,23.0,317.0,0.0,0.0,23.0,317.0
68.0,23.0,317.0,5.0,0.0,18.0,327.0
69.0,100.0,0.0,50.0,50.0,100.0,50.0
69.0,100.0,50.0,70.0,30.0,60.0,160.0
69.0,60.0,160.0,35.0,20.0,45.0,210.0
69.0,45.0,210.0,30.0,30.0,45.0,240.0
69.0,45.0,240.0,10.0,10.0,45.0,250.0
69.0,45.0,250.0,10.0,7.0,42.0,263.0
69.0,42.0,263.0,18.0,18.0,42.0,281.0
69.0,42.0,281.0,26.0,30.0,46.0,303.0
69.0,46.0,303.0,39.0,24.0,31.0,357.0
69.0,31.0,357.0,29.0,29.0,31.0,386.0
70.0,100.0,0.0,50.0,50.0,100.0,50.0
70.0,100.0,50.0,50.0,20.0,70.0,130.0
70.0,70.0,130.0,20.0,5.0,55.0,165.0
70.0,55.0,165.0,30.0,0.0,25.0,225.0
70.0,25.0,225.0,7.0,7.0,25.0,232.0
70.0,25.0,232.0,10.0,0.0,15.0,252.0
70.0,15.0,252.0,6.0,0.0,9.0,264.0
70.0,9.0,264.0,8.0,0.0,1.0,280.0
70.0,1.0,280.0,0.0,0.0,1.0,280.0
70.0,1.0,280.0,0.0,0.0,1.0,280.0
71.0,100.0,0.0,50.0,20.0,70.0,80.0
71.0,70.0,80.0,40.0,10.0,40.0,150.0
71.0,40.0,150.0,32.0,26.0,34.0,188.0
71.0,34.0,188.0,26.0,20.0,28.0,220.0
71.0,28.0,220.0,14.0,14.0,28.0,234.0
71.0,28.0,234.0,14.0,7.0,21.0,255.0
71.0,21.0,255.0,9.0,0.0,12.0,273.0
71.0,12.0,273.0,5.0,0.0,7.0,283.0
71.0,7.0,283.0,7.0,0.0,0.0,297.0
71.0,0.0,297.0,0.0,0.0,0.0,297.0
72.0,100.0,0.0,50.0,50.0,100.0,50.0
72.0,100.0,50.0,75.0,30.0,55.0,170.0
72.0,55.0,170.0,30.0,42.0,67.0,188.0
72.0,67.0,188.0,43.0,31.0,55.0,243.0
72.0,55.0,243.0,10.0,0.0,45.0,263.0
72.0,45.0,263.0,10.0,0.0,35.0,283.0
72.0,35.0,283.0,17.0,0.0,18.0,317.0
72.0,18.0,317.0,6.0,0.0,12.0,329.0
72.0,12.0,329.0,6.0,0.0,6.0,341.0
72.0,6.0,341.0,2.0,0.0,4.0,345.0
73.0,100.0,0.0,50.0,50.0,100.0,50.0
73.0,100.0,50.0,50.0,25.0,75.0,125.0
73.0,75.0,125.0,42.0,0.0,33.0,209.0
73.0,33.0,209.0,18.0,18.0,33.0,227.0
73.0,33.0,227.0,16.0,10.0,27.0,249.0
73.0,27.0,249.0,13.0,0.0,14.0,275.0
73.0,14.0,275.0,6.0,0.0,8.0,287.0
73.0,8.0,287.0,4.0,1.0,5.0,294.0
73.0,5.0,294.0,0.0,0.0,5.0,294.0
73.0,5.0,294.0,3.0,0.0,2.0,300.0
74.0,100.0,0.0,50.0,50.0,100.0,50.0
74.0,100.0,50.0,60.0,30.0,70.0,140.0
74.0,70.0,140.0,20.0,10.0,60.0,170.0
74.0,60.0,170.0,25.0,25.0,60.0,195.0
74.0,60.0,195.0,30.0,30.0,60.0,225.0
74.0,60.0,225.0,30.0,12.0,42.0,273.0
74.0,42.0,273.0,10.0,0.0,32.0,293.0
74.0,32.0,293.0,20.0,0.0,12.0,333.0
74.0,12.0,333.0,6.0,0.0,6.0,345.0
74.0,6.0,345.0,1.0,0.0,5.0,347.0
75.0,100.0,0.0,50.0,50.0,100.0,50.0
75.0,100.0,50.0,49.0,42.0,93.0,106.0
75.0,93.0,106.0,45.0,42.0,90.0,154.0
75.0,90.0,154.0,10.0,5.0,85.0,169.0
75.0,85.0,169.0,70.0,34.0,49.0,275.0
75.0,49.0,275.0,10.0,0.0,39.0,295.0
75.0,39.0,295.0,10.0,0.0,29.0,315.0
75.0,29.0,315.0,5.0,0.0,24.0,325.0
75.0,24.0,325.0,6.0,0.0,18.0,337.0
75.0,18.0,337.0,6.0,0.0,12.0,349.0
76.0,100.0,0.0,50.0,50.0,100.0,50.0
76.0,100.0,50.0,60.0,20.0,60.0,150.0
76.0,60.0,150.0,30.0,30.0,60.0,180.0
76.0,60.0,180.0,24.0,12.0,48.0,216.0
76.0,48.0,216.0,40.0,0.0,8.0,296.0
76.0,8.0,296.0,5.0,0.0,3.0,306.0
76.0,3.0,306.0,1.0,1.0,3.0,307.0
76.0,3.0,307.0,1.0,1.0,3.0,308.0
76.0,3.0,308.0,2.0,2.0,3.0,310.0
76.0,3.0,310.0,0.0,0.0,3.0,310.0
77.0,100.0,0.0,50.0,50.0,100.0,50.0
77.0,100.0,50.0,50.0,25.0,75.0,125.0
77.0,75.0,125.0,50.0,25.0,50.0,200.0
77.0,50.0,200.0,10.0,5.0,45.0,215.0
77.0,45.0,215.0,30.0,0.0,15.0,275.0
77.0,15.0,275.0,3.0,0.0,12.0,281.0
77.0,12.0,281.0,6.0,0.0,6.0,293.0
77.0,6.0,293.0,1.0,0.0,5.0,295.0
77.0,5.0,295.0,4.0,0.0,1.0,303.0
77.0,1.0,303.0,0.0,0.0,1.0,303.0
78.0,100.0,0.0,75.0,50.0,75.0,100.0
78.0,75.0,100.0,42.0,0.0,33.0,184.0
78.0,33.0,184.0,20.0,12.0,25.0,212.0
78.0,25.0,212.0,3.0,0.0,22.0,218.0
78.0,22.0,218.0,7.0,0.0,15.0,232.0
78.0,15.0,232.0,10.0,0.0,5.0,252.0
78.0,5.0,252.0,1.0,1.0,5.0,253.0
78.0,5.0,253.0,4.0,1.0,2.0,260.0
78.0,2.0,260.0,2.0,0.0,0.0,264.0
78.0,0.0,264.0,0.0,0.0,0.0,264.0
79.0,100.0,0.0,50.0,20.0,70.0,80.0
79.0,70.0,80.0,35.0,15.0,50.0,135.0
79.0,50.0,135.0,25.0,20.0,45.0,165.0
79.0,45.0,165.0,27.0,0.0,18.0,219.0
79.0,18.0,219.0,6.0,0.0,12.0,231.0
79.0,12.0,231.0,6.0,0.0,6.0,243.0
79.0,6.0,243.0,5.0,0.0,1.0,253.0
79.0,1.0,253.0,0.0,0.0,1.0,253.0
79.0,1.0,253.0,0.0,0.0,1.0,253.0
79.0,1.0,253.0,0.0,0.0,1.0,253.0
80.0,100.0,0.0,85.0,30.0,45.0,140.0
80.0,45.0,140.0,27.0,27.0,45.0,167.0
80.0,45.0,167.0,20.0,0.0,25.0,207.0
80.0,25.0,207.0,10.0,2.0,17.0,225.0
80.0,17.0,225.0,9.0,0.0,8.0,243.0
80.0,8.0,243.0,5.0,0.0,3.0,253.0
80.0,3.0,253.0,1.0,0.0,2.0,255.0
80.0,2.0,255.0,1.0,0.0,1.0,257.0
80.0,1.0,257.0,0.0,0.0,1.0,257.0
80.0,1.0,257.0,0.0,0.0,1.0,257.0
81.0,100.0,0.0,50.0,50.0,100.0,50.0
81.0,100.0,50.0,70.0,20.0,50.0,170.0
81.0,50.0,170.0,25.0,23.0,48.0,197.0
81.0,48.0,197.0,12.0,0.0,36.0,221.0
81.0,36.0,221.0,0.0,0.0,36.0,221.0
81.0,36.0,221.0,36.0,0.0,0.0,293.0
81.0,0.0,293.0,0.0,0.0,0.0,293.0
81.0,0.0,293.0,0.0,0.0,0.0,293.0
81.0,0.0,293.0,0.0,0.0,0.0,293.0
81.0,0.0,293.0,0.0,0.0,0.0,293.0
82.0,100.0,0.0,80.0,80.0,100.0,80.0
82.0,100.0,80.0,50.0,30.0,80.0,150.0
82.0,80.0,150.0,60.0,30.0,50.0,240.0
82.0,50.0,240.0,15.0,10.0,45.0,260.0
82.0,45.0,260.0,27.0,18.0,36.0,296.0
82.0,36.0,296.0,18.0,0.0,18.0,332.0
82.0,18.0,332.0,9.0,0.0,9.0,350.0
82.0,9.0,350.0,4.0,1.0,6.0,357.0
82.0,6.0,357.0,2.0,0.0,4.0,361.0
82.0,4.0,361.0,2.0,0.0,2.0,365.0
83.0,100.0,0.0,80.0,40.0,60.0,120.0
83.0,60.0,120.0,30.0,30.0,60.0,150.0
83.0,60.0,150.0,30.0,30.0,60.0,180.0
83.0,60.0,180.0,30.0,30.0,60.0,210.0
83.0,60.0,210.0,36.0,48.0,72.0,234.0
83.0,72.0,234.0,20.0,0.0,52.0,274.0
83.0,52.0,274.0,26.0,10.0,36.0,316.0
83.0,36.0,316.0,30.0,0.0,6.0,376.0
83.0,6.0,376.0,5.0,0.0,1.0,386.0
83.0,1.0,386.0,1.0,0.0,0.0,388.0
84.0,100.0,0.0,85.0,50.0,65.0,120.0
84.0,65.0,120.0,40.0,45.0,70.0,155.0
84.0,70.0,155.0,25.0,25.0,70.0,180.0
84.0,70.0,180.0,20.0,5.0,55.0,215.0
84.0,55.0,215.0,20.0,0.0,35.0,255.0
84.0,35.0,255.0,10.0,0.0,25.0,275.0
84.0,25.0,275.0,10.0,0.0,15.0,295.0
84.0,15.0,295.0,7.0,7.0,15.0,302.0
84.0,15.0,302.0,8.0,8.0,15.0,310.0
84.0,15.0,310.0,7.0,0.0,8.0,324.0
85.0,100.0,0.0,50.0,20.0,70.0,80.0
85.0,70.0,80.0,20.0,15.0,65.0,105.0
85.0,65.0,105.0,20.0,25.0,70.0,120.0
85.0,70.0,120.0,40.0,30.0,60.0,170.0
85.0,60.0,170.0,20.0,10.0,50.0,200.0
85.0,50.0,200.0,35.0,30.0,45.0,240.0
85.0,45.0,240.0,15.0,15.0,45.0,255.0
85.0,45.0,255.0,10.0,0.0,35.0,275.0
85.0,35.0,275.0,10.0,0.0,25.0,295.0
85.0,25.0,295.0,13.0,0.0,12.0,321.0
86.0,100.0,0.0,50.0,50.0,100.0,50.0
86.0,100.0,50.0,75.0,30.0,55.0,170.0
86.0,55.0,170.0,28.0,39.0,66.0,187.0
86.0,66.0,187.0,33.0,33.0,66.0,220.0
86.0,66.0,220.0,33.0,33.0,66.0,253.0
86.0,66.0,253.0,10.0,0.0,56.0,273.0
86.0,56.0,273.0,14.0,14.0,56.0,287.0
86.0,56.0,287.0,13.0,0.0,43.0,313.0
86.0,43.0,313.0,25.0,0.0,18.0,363.0
86.0,18.0,363.0,17.0,0.0,1.0,397.0
87.0,100.0,0.0,50.0,50.0,100.0,50.0
87.0,100.0,50.0,50.0,25.0,75.0,125.0
87.0,75.0,125.0,30.0,30.0,75.0,155.0
87.0,75.0,155.0,40.0,25.0,60.0,210.0
87.0,60.0,210.0,36.0,36.0,60.0,246.0
87.0,60.0,246.0,35.0,15.0,40.0,301.0
87.0,40.0,301.0,28.0,15.0,27.0,342.0
87.0,27.0,342.0,10.0,10.0,27.0,352.0
87.0,27.0,352.0,27.0,0.0,0.0,406.0
87.0,0.0,406.0,0.0,0.0,0.0,406.0
88.0,100.0,0.0,50.0,50.0,100.0,50.0
88.0,100.0,50.0,60.0,20.0,60.0,150.0
88.0,60.0,150.0,40.0,30.0,50.0,200.0
88.0,50.0,200.0,35.0,10.0,25.0,260.0
88.0,25.0,260.0,5.0,0.0,20.0,270.0
88.0,20.0,270.0,5.0,5.0,20.0,275.0
88.0,20.0,275.0,10.0,10.0,20.0,285.0
88.0,20.0,285.0,13.0,14.0,21.0,297.0
88.0,21.0,297.0,5.0,0.0,16.0,307.0
88.0,16.0,307.0,5.0,0.0,11.0,317.0
89.0,100.0,0.0,60.0,60.0,100.0,60.0
89.0,100.0,60.0,50.0,40.0,90.0,120.0
89.0,90.0,120.0,56.0,56.0,90.0,176.0
89.0,90.0,176.0,50.0,52.0,92.0,224.0
89.0,92.0,224.0,60.0,60.0,92.0,284.0
89.0,92.0,284.0,30.0,30.0,92.0,314.0
89.0,92.0,314.0,60.0,68.0,100.0,366.0
89.0,100.0,366.0,50.0,50.0,100.0,416.0
89.0,100.0,416.0,50.0,63.0,113.0,453.0
89.0,113.0,453.0,56.0,0.0,57.0,565.0
90.0,100.0,0.0,50.0,50.0,100.0,50.0
90.0,100.0,50.0,50.0,25.0,75.0,125.0
90.0,75.0,125.0,30.0,0.0,45.0,185.0
90.0,45.0,185.0,20.0,0.0,25.0,225.0
90.0,25.0,225.0,7.0,7.0,25.0,232.0
90.0,25.0,232.0,10.0,0.0,15.0,252.0
90.0,15.0,252.0,6.0,0.0,9.0,264.0
90.0,9.0,264.0,8.0,0.0,1.0,280.0
90.0,1.0,280.0,0.0,0.0,1.0,280.0
90.0,1.0,280.0,0.0,0.0,1.0,280.0
91.0,100.0,0.0,50.0,50.0,100.0,50.0
91.0,100.0,50.0,20.0,20.0,100.0,70.0
91.0,100.0,70.0,46.0,28.0,82.0,134.0
91.0,82.0,134.0,76.0,30.0,36.0,256.0
91.0,36.0,256.0,18.0,0.0,18.0,292.0
91.0,18.0,292.0,6.0,0.0,12.0,304.0
91.0,12.0,304.0,8.0,8.0,12.0,312.0
91.0,12.0,312.0,6.0,0.0,6.0,324.0
91.0,6.0,324.0,0.0,0.0,6.0,324.0
91.0,6.0,324.0,6.0,12.0,12.0,324.0
92.0,100.0,0.0,50.0,50.0,100.0,50.0
92.0,100.0,50.0,75.0,25.0,50.0,175.0
92.0,50.0,175.0,25.0,25.0,50.0,200.0
92.0,50.0,200.0,10.0,0.0,40.0,220.0
92.0,40.0,220.0,16.0,16.0,40.0,236.0
92.0,40.0,236.0,15.0,5.0,30.0,261.0
92.0,30.0,261.0,15.0,5.0,20.0,286.0
92.0,20.0,286.0,15.0,5.0,10.0,311.0
92.0,10.0,311.0,8.0,4.0,6.0,323.0
92.0,6.0,323.0,4.0,0.0,2.0,331.0
93.0,100.0,0.0,50.0,20.0,70.0,80.0
93.0,70.0,80.0,55.0,20.0,35.0,170.0
93.0,35.0,170.0,27.0,29.0,37.0,195.0
93.0,37.0,195.0,20.0,20.0,37.0,215.0
93.0,37.0,215.0,36.0,0.0,1.0,287.0
93.0,1.0,287.0,0.0,0.0,1.0,287.0
93.0,1.0,287.0,0.0,0.0,1.0,287.0
93.0,1.0,287.0,0.0,0.0,1.0,287.0
93.0,1.0,287.0,0.0,0.0,1.0,287.0
93.0,1.0,287.0,1.0,0.0,0.0,289.0
94.0,100.0,0.0,75.0,30.0,55.0,120.0
94.0,55.0,120.0,35.0,20.0,40.0,170.0
94.0,40.0,170.0,26.0,26.0,40.0,196.0
94.0,40.0,196.0,25.0,5.0,20.0,241.0
94.0,20.0,241.0,6.0,3.0,17.0,250.0
94.0,17.0,250.0,9.0,3.0,11.0,265.0
94.0,11.0,265.0,4.0,0.0,7.0,273.0
94.0,7.0,273.0,5.0,0.0,2.0,283.0
94.0,2.0,283.0,2.0,0.0,0.0,287.0
94.0,0.0,287.0,0.0,0.0,0.0,287.0
95.0,100.0,0.0,50.0,50.0,100.0,50.0
95.0,100.0,50.0,60.0,30.0,70.0,140.0
95.0,70.0,140.0,56.0,0.0,14.0,252.0
95.0,14.0,252.0,7.0,0.0,7.0,266.0
95.0,7.0,266.0,3.0,0.0,4.0,272.0
95.0,4.0,272.0,3.0,1.0,2.0,277.0
95.0,2.0,277.0,1.0,0.0,1.0,279.0
95.0,1.0,279.0,0.0,0.0,1.0,279.0
95.0,1.0,279.0,0.0,0.0,1.0,279.0
95.0,1.0,279.0,1.0,0.0,0.0,281.0
96.0,100.0,0.0,50.0,50.0,100.0,50.0
96.0,100.0,50.0,70.0,20.0,50.0,170.0
96.0,50.0,170.0,25.0,20.0,45.0,200.0
96.0,45.0,200.0,10.0,10.0,45.0,210.0
96.0,45.0,210.0,30.0,36.0,51.0,234.0
96.0,51.0,234.0,29.0,0.0,22.0,292.0
96.0,22.0,292.0,10.0,0.0,12.0,312.0
96.0,12.0,312.0,6.0,0.0,6.0,324.0
96.0,6.0,324.0,6.0,0.0,0.0,336.0
96.0,0.0,336.0,0.0,0.0,0.0,336.0
97.0,100.0,0.0,70.0,40.0,70.0,100.0
97.0,70.0,100.0,35.0,20.0,55.0,150.0
97.0,55.0,150.0,30.0,30.0,55.0,180.0
97.0,55.0,180.0,25.0,12.0,42.0,218.0
97.0,42.0,218.0,36.0,18.0,24.0,272.0
97.0,24.0,272.0,12.0,0.0,12.0,296.0
97.0,12.0,296.0,5.0,5.0,12.0,301.0
97.0,12.0,301.0,4.0,2.0,10.0,307.0
97.0,10.0,307.0,5.0,5.0,10.0,312.0
97.0,10.0,312.0,5.0,0.0,5.0,322.0
98.0,100.0,0.0,50.0,50.0,100.0,50.0
98.0,100.0,50.0,60.0,20.0,60.0,150.0
98.0,60.0,150.0,36.0,36.0,60.0,186.0
98.0,60.0,186.0,50.0,20.0,30.0,266.0
98.0,30.0,266.0,14.0,4.0,20.0,290.0
98.0,20.0,290.0,5.0,5.0,20.0,295.0
98.0,20.0,295.0,10.0,10.0,20.0,305.0
98.0,20.0,305.0,10.0,10.0,20.0,315.0
98.0,20.0,315.0,7.0,7.0,20.0,322.0
98.0,20.0,322.0,8.0,4.0,16.0,334.0
99.0,100.0,0.0,50.0,50.0,100.0,50.0
99.0,100.0,50.0,60.0,40.0,80.0,130.0
99.0,80.0,130.0,56.0,28.0,52.0,214.0
99.0,52.0,214.0,30.0,0.0,22.0,274.0
99.0,22.0,274.0,10.0,0.0,12.0,294.0
99.0,12.0,294.0,6.0,0.0,6.0,306.0
99.0,6.0,306.0,2.0,2.0,6.0,308.0
99.0,6.0,308.0,5.0,5.0,6.0,313.0
99.0,6.0,313.0,5.0,0.0,1.0,323.0
99.0,1.0,323.0,1.0,0.0,0.0,325.0
100.0,100.0,0.0,50.0,50.0,100.0,50.0
100.0,100.0,50.0,70.0,30.0,60.0,160.0
100.0,60.0,160.0,20.0,20.0,60.0,180.0
100.0,60.0,180.0,30.0,30.0,60.0,210.0
100.0,60.0,210.0,30.0,40.0,70.0,230.0
100.0,70.0,230.0,50.0,50.0,70.0,280.0
100.0,70.0,280.0,15.0,10.0,65.0,300.0
100.0,65.0,300.0,20.0,10.0,55.0,330.0
100.0,55.0,330.0,27.0,29.0,57.0,355.0
100.0,57.0,355.0,57.0,114.0,114.0,355.0
